index,Molecule Name,DrugBank ID,Molecule ChEMBL ID,Smiles,Target Name,UniProt Accessions,Sequence,Organism,Average_pIC50
0,NICOTINAMIDE,DB02701,CHEMBL1140,NC(=O)c1cccnc1,NAD-dependent protein deacetylase,T1VXA1,MSFDFLGIKKALFGDNTPRPELKSLNIEGVAQLIQDGQVNKIITMVGAGVSTAAGIPDFRSPSSGIYDNLEDFNLPTPNAIFTIDYFRRDPRPFFEIARRLYRPEAKPTLAHCFIRLLHDKGLLLRHYTQNVDSLERLSGLPEEKLVEAHGTFHTGHCIKCNKQHDFEFMLNEILAKRVPQCLKCRNVVKPDVVLFGESMPKKFFKNLSSDLNNCDLLIIMGTSLTVLPFCAMIHRVGNDVPRLYINREYNDGSTESGLSSFIMRFMVAGFKQNYMKWGRSDNKRDIFWSGNADDGVVKISELLGWKDDLLRLKKETDSRLNEEFLAKKSQDKTNGQ,Schistosoma mansoni,4.64
1,NICOTINAMIDE,DB02701,CHEMBL1140,NC(=O)c1cccnc1,Putative silent information regulator 2,A0A6L0XH39,MTASPRAPHQEHVLGEPTLEGLAHYIREKNVRRILVLVGAGASVAAGIPDFRSPDTGIYANLGKYNLEDPTDAFSLTLLREKPEIFYSIARELNLWPGHFQPTAVHHFIRLLQDEGRLLRCCTQNIDGLEKAAGVSPELLVEAHGSFAAAACIECHTPFSIEQNYLEAMSGTVSRCSTCGGIVKPNVVFFGENLPDAFFDALHHDAPIAELVIIIGTSMQVHPFALLPCVVPKSVPRVVMNRERVGGLLFRFPDDPLNTVHEDAVAKEGRSSSSQSRSPSASPRREEGGTEDSPSSPNEEVEEASTSSSSDGYGQYGDYHAHPDVCRDVLFRGDCQENVVTLAEYLGLSEALAKRMRLSDAAPATAQRAPNET,Leishmania infantum,4.4
2,PANOBINOSTAT,DB06603,CHEMBL483254,Cc1[nH]c2ccccc2c1CCNCc1ccc(/C=C/C(=O)NO)cc1,Histone deacetylase 8,A5H660,MSVGIVYGDQYRQLCCSSPKFGDRYALVMDLINAYKLIPELSRVPPLQWDSPSRMYEAVTAFHSTEYVDALKKLQMLHCEEKELTADDELLMDSFSLNYDCPGFPSVFDYSLAAVQGSLAAASALICRHCEVVINWGGGWHHAKRSEASGFCYLNDIVLAIHRLVSSTPPETSPNRQTRVLYVDLDLHHGDGVEEAFWYSPRVVTFSVHHASPGFFPGTGTWNMVDNDKLPIFLNGAGRGRFSAFNLPLEEGINDLDWSNAIGPILDSLNIVIQPSYVVVQCGADCLATDPHRIFRLTNFYPNLNLDSDCDSECSLSGYLYAIKKILSWKVPTLILGGGGYNFPDTARLWTRVTALTIEEVKGKKMTISPEIPEHSYFSRYGPDFELDIDYFPHESHNKTLDSIQKHHRRILEQLRNYADLNKLIYDYDQVYQLYNLTGM,Schistosoma mansoni,6.35
3,PANOBINOSTAT,DB06603,CHEMBL483254,Cc1[nH]c2ccccc2c1CCNCc1ccc(/C=C/C(=O)NO)cc1,Histone deacetylase,Q9XYC7,MSNRKKVAYFHDPDIGSYYYGAGHPMKPQRIRMTHSLIVSYNLYKYMEVYRPHKSDVNELTLFHDYEYIDFLSSISLENYREFTYQLKRFNVGEATDCPVFDGLFQFQQSCAGASIDGASKLNHHCADICVNWSGGLHHAKMSEASGFCYINDIVLGILELLKYHARVMYIDIDVHHGDGVEEAFYVTHRVMTVSFHKFGDYFPGTGDITDVGVNHGKYYSVNVPLNDGMTDDAFVDLFKVVIDKCVQTYRPGAIIIQCGADSLTGDRLGRFNLTIKGHARCVEHVRSYNIPLLVLGGGGYTIRNVSRCWAYETGVVLNKHHEMPDQISLNDYYDYYAPDFQLHLQPSNIPNYNSPEHLSRIKMKIAENLRHIEHAPGVQFSYVPPDFFNSDIDDESDKNQYELKDDSGGGRAPGTRAKEHSTTHHLRRKNYDDDFFDLSDRDQSIVPY,Plasmodium falciparum,8.48
4,DISULFIRAM,DB00822,CHEMBL964,CCN(CC)C(=S)SSC(=S)N(CC)CC,Carbamate kinase,O97438,MSAGKTVVIALGGNAMLQAKEKGDYDTQRKNVEIAASEIYKIHKAGYKVVLTSGNAPQVGAIKLQNQAAAGVSPEMPLHVCGAMSQGFIGYMMSQAMDNVFCANNEPANCVTCVTQTLVDPKDQAFTNPTKPRWRFYTEQEAKDLMAANPGKILREDAWPAGWRVVVPSPRPLEIVEYGVIKTLIDNNVLVICTNGGGIPCKRENKVISGVDAVIDKDLATSLLAKTLNSDYLMILTDVLNACINYKKPDERKLEEIKLSEILALEKDGHFAAGSMGPKVRAAIEFTQATGKMSIITSLSTAVDALNGKCGTRIIKD,Giardia intestinalis,6.22
5,HEXACHLOROPHENE,DB00756,CHEMBL496,Oc1c(Cl)cc(Cl)c(Cl)c1Cc1c(O)c(Cl)cc(Cl)c1Cl,Zinc aminopeptidase,O96935,MKLTKGCAYKYIIFTVLILANILYDNKKRCMIKKNLRISSCGIISRLLKSNSNYNSFNKNYNFTSAISELQFSNFWNLDILQKDIFSNIHNNKNKPQSYIIHKRLMSEKGDNNNNNHQNNNGNDNKKRLGSVVNNEENTCSDKRMKPFEEGHGITQVDKMNNNSDHLQQNGVMNLNSNNVENNNNNNSVVVKKNEPKIHYRKDYKPSGFIINNVTLNINIHDNETIVRSVLDMDISKHNVGEDLVFDGVGLKINEISINNKKLVEGEEYTYDNEFLTIFSKFVPKSKFAFSSEVIIHPETNYALTGLYKSKNIIVSQCEATGFRRITFFIDRPDMMAKYDVTVTADKEKYPVLLSNGDKVNEFEIPGGRHGARFNDPHLKPCYLFAVVAGDLKHLSATYITKYTKKKVELYVFSEEKYVSKLQWALECLKKSMAFDEDYFGLEYDLSRLNLVAVSDFNVGAMENKGLNIFNANSLLASKKNSIDFSYARILTVVGHEYFHNYTGNRVTLRDWFQLTLKEGLTVHRENLFSEEMTKTVTTRLSHVDLLRSVQFLEDSSPLSHPIRPESYVSMENFYTTTVYDKGSEVMRMYLTILGEEYYKKGFDIYIKKNDGNTATCEDFNYAMEQAYKMKKADNSANLNQYLLWFSQSGTPHVSFKYNYDAEKKQYSIHVNQYTKPDENQKEKKPLFIPISVGLINPENGKEMISQTTLELTKESDTFVFNNIAVKPIPSLFRGFSAPVYIEDNLTDEERILLLKYDSDAFVRYNSCTNIYMKQILMNYNEFLKAKNEKLESFNLTPVNAQFIDAIKYLLEDPHADAGFKSYIVSLPQDRYIINFVSNLDTDVLADTKEYIYKQIGDKLNDVYYKMFKSLEAKADDLTYFNDESHVDFDQMNMRTLRNTLLSLLSKAQYPNILNEIIEHSKSPYPSNWLTSLSVSAYFDKYFELYDKTYKLSKDDELLLQEWLKTVSRSDRKDIYEILKKLENEVLKDSKNPNDIRAVYLPFTNNLRRFHDISGKGYKLIAEVITKTDKFNPMVATQLCEPFKLWNKLDTKRQELMLNEMNTMLQEPNISNNLKEYLLRLTNKL,Plasmodium falciparum FcB1/Columbia,4.24
6,RILUZOLE,DB00740,CHEMBL744,Nc1nc2ccc(OC(F)(F)F)cc2s1,Pteridine reductase 1,Q01782,MTAPTVPVALVTGAAKRLGRSIAEGLHAEGYAVCLHYHRSAAEANALSATLNARRPNSAITVQADLSNVATAPVSGADGSAPVTLFTRCAELVAACYTHWGRCDVLVNNASSFYPTPLLRNDEDGHEPCVGDREAMETATADLFGSNAIAPYFLIKAFAHRFAGTPAKHRGTNYSIINMVDAMTNQPLLGYTIYTMAKGALEGLTRSAALELAPLQIRVNGVGPGLSVLVDDMPPAVWEGHRSKVPLYQRDSSAAEVSDVVIFLCSSKAKYITGTCVKVDGGYSLTRA,Leishmania major,4.16
7,RISEDRONIC ACID,DB00884,CHEMBL923,O=P(O)(O)C(O)(Cc1cccnc1)P(=O)(O)O,Farnesyl pyrophosphate synthase,Q0GKD7,MAHMERFQKVYEEVQEFLLGDAEKRFEMDVHRKGYLKSMMDTTCLGGKYNRGLCVVDVAEAMAKDTKMDAAAMERVLHDACVCGWMIEMLQAHFLVEDDIMDHSKTRRGKPCWYLHPGVTTQVAINDGLILLAWATQMALHYFADRPFLAEVLRVFHDVDLTTTIGQLYDVTSMVDSAKLDANVAHANTTDYIEYTPFNHRRIVVYKTAYYTYWLPLVMGLLVSGTVEKVDKEATHKVAMVMGEYFQVQDDVMDCFTPPEKLGKIGTDIEDAKCSWLAVTFLTTAPAEKVAEFKANYGSTDPAKVAVIKQLYTEQNLLARFEEYEKAVVAEIEQLIAALEAQNTAFAASVKVLWSKTYKRQK,Leishmania donovani,6.77
8,RISEDRONIC ACID,DB00884,CHEMBL923,O=P(O)(O)C(O)(Cc1cccnc1)P(=O)(O)O,Farnesyl diphosphate synthase,Q8WS26,MTAFACFPHSLFYSTRLPFFFFFFCVCVHCCLRYLCLLKCAYCCSDKNYFRPLNYFFYCLYLAMASMERFLSVYDEVQAFLLDQLQSKYEIDPNRARYLRIMMDTTCLGGKYFRGMTVVNVAEGFLAVTQHDEATKERILHDACVGGWMIEFLQAHYLVEDDIMDGSVMRRGKPCWYRFPGVTTQCAINDGIILKSWTQIMAWHYFADRPFLKDLLCLFQKVDYATAVGQMYDVTSMCDSNKLDPEVAQPMTTDFAEFTPAIYKRIVKYKTTFYTYLLPLVMGLLVSEAAASVEMNLVERVAHLIGEYFQVQDDVMDCFTPPEQLGKVGTDIEDAKCSWLAVTFLGKANAAQVAEFKANYGEKDPAKVAVVKRLYSKANLQADFAAYEAEVVREVESLIEQLKVKSPTFAESVAVVWEKTHKRKK,Trypanosoma cruzi,7.57
9,RISEDRONIC ACID,DB00884,CHEMBL923,O=P(O)(O)C(O)(Cc1cccnc1)P(=O)(O)O,Farnesyl diphosphate synthase,Q197X6,MVDAVSLVSCRARHSHSLFAFSLSRRSCIQKHRFFSYVKSVPSSLPSPSSSSSPFTLSPRRRCLPPLVLPLEAAGHLPPALHSGSGISCPRSSSLSLSSSSPMRAPPSISLGLPPAQRPSLCFSPTSRLSAPVSPWSFSRQLSLATLAPLASVSSWKKAAALPKPDGAAAVSDERTSAERADALAGAWRASASHVEDRFKQAFPEVRGTLLSHIAGLDLPASLSARLLSYYARLLDYTCSGGKLTRGILVLYAAAAASHAPVLPPPSPSPAAAPASSASSVSSSPCSSSLAESERVPGSALSPALPPSSFRCLAALGWCVELLQSCFLVMDDVMDHSLTRRGKQCWYRCDGIGVSNAVNDSLVLEAAVYRVLREYLGDHPAYVQLQDLLLGNTFTTLIGQHLDSEDALAALSEASQNLESRQSEDNSSASSATAAGSSLLRDASLSDKDFTHHSYVSSSLSSSRSSPSLSASSLPSSEVLAQKLADRQATVARLKTSHYSFYLPTALGMTYGGLTDPALMAQAKELCLAIGEYFQVQDDYLDCFSDPKISGKIGSDIQEKKCCWLFVQAVRRASREDLAQLLRVYGQPEYVDWVKDLYRRLDLTSLYFQYEEETLAKLRRSVSSFPHDGMKAFFGLVLGRLHKRQK,Toxoplasma gondii,7.13
10,GEFITINIB,DB00317,CHEMBL939,COc1cc2ncnc(Nc3ccc(F)c(Cl)c3)c2cc1OCCCN1CCOCC1,Cruzipain,P25779,MSGWARALLLAAVLVVMACLVPAATASLHAEETLTSQFAEFKQKHGRVYESAAEEAFRLSVFRENLFLARLHAAANPHATFGVTPFSDLTREEFRSRYHNGAAHFAAAQERARVPVKVEVVGAPAAVDWRARGAVTAVKDQGQCGSCWAFSAIGNVECQWFLAGHPLTNLSEQMLVSCDKTDSGCSGGLMNNAFEWIVQENNGAVYTEDSYPYASGEGISPPCTTSGHTVGATITGHVELPQDEAQIAAWLAVNGPVAVAVDASSWMTYTGGVMTSCVSEQLDHGVLLVGYNDSAAVPYWIIKNSWTTQWGEEGYIRIAKGSNQCLVKEEASSAVVGGPGPTPEPTTTTTTSAPGPSPSYFVQMSCTDAACIVGCENVTLPTGQCLLTTSGVSAIVTCGAETLTEEVFLTSTHCSGPSVRSSVPLNKCNRLLRGSVEFFCGSSSSGRLADVDRQRRHQPYHSRHRRL,Trypanosoma cruzi,4.06
11,TRIMETREXATE,DB01157,CHEMBL119,COc1cc(NCc2ccc3nc(N)nc(N)c3c2C)cc(OC)c1OC,Dihydrofolate reductase,P16184,MNQQKSLTLIVALTTSYGIGRSNSLPWKLKKEISYFKRVTSFVPTFDSFESMNVVLMGRKTWESIPLQFRPLKGRINVVITRNESLDLGNGIHSAKSLDHALELLYRTYGSESSVQINRIFVIGGAQLYKAAMDHPKLDRIMATIIYKDIHCDVFFPLKFRDKEWSSVWKKEKHSDLESWVGTKVPHGKINEDGFDYEFEMWTRDL,Pneumocystis carinii,7.4
12,TRIMETREXATE,DB01157,CHEMBL119,COc1cc(NCc2ccc3nc(N)nc(N)c3c2C)cc(OC)c1OC,Dihydrofolate reductase,Q07422,MQKPVCLVVAMTPKRGIGINNGLPWPHLTTDFKHFSRVTKTTPEEASRLNGWLPRKFAKTGDSGLPSPSVGKRFNAVVMGRKTWESMPRKFRPLVDRLNIVVSSSLKEEDIAAEKPQAEGQQRVRVCASLPAALSLLEEEYKDSVDQIFVVGGAGLYEAALSLGVASHLYITRVAREFPCDVFFPAFPGDDILSNKSTAAQAAAPAESVFVPFCPELGREKDNEATYRPIFISKTFSDNGVPYDFVVLEKRRKTDDAATAEPSNAMSSLTSTRETTPVHGLQAPSSAAAIAPVLAWMDEEDRKKREQKELIRAVPHVHFRGHEEFQYLDLIADIINNGRTMDDRTGVGVISKFGCTMRYSLDQAFPLLTTKRVFWKGVLEELLWFIRGDTNANHLSEKGVKIWDKNVTREFLDSRNLPHREVGDIGPGYGFQWRHFGAAYKDMHTDYTGQGVDQLKNVIQMLRTNPTDRRMLMTAWNPAALDEMALPPCHLLCQFYVNDQKELSCIMYQRSCDVGLGVPFNIASYSLLTLMVAHVCNLKPKEFIHFMGNTHVYTNHVEALKEQLRREPRPFPIVNILNKERIKEIDDFTAEDFEVVGYVPHGRIQMEMAV,Toxoplasma gondii,7.86
13,TRIMETREXATE,DB01157,CHEMBL119,COc1cc(NCc2ccc3nc(N)nc(N)c3c2C)cc(OC)c1OC,Bifunctional dihydrofolate reductase-thymidylate synthase,Q27793,MSLFKIRMPETVAEGTRLALRAFSLVVAVDEHGGIGDGRSIPWNVPEDMKFFRDLTTKLRGKNVKPSPAKRNAVVMGRKTWDSIPPKFRPLPGRLNVVLSSTLTTQHLLDGLPDEEKRNLHADSIVAVNGGLEQALRLLASPNYTPSIETVYCIGGGSVYAEALRPPCVHLLQAIYRTTIRASESSCSVFFRVPESGTEAAAGIEWQRETISEELTSANGNETKYYFEKLIPRNREEEQYLSLVDRIIREGNVKHDRTGVGTLSIFGAQMRFSLRNNRLPLLTTKRVFWRGVCEELLWFLRGETYAKKLSDKGVHIWDDNGSRAFLDSRGLTEYEEMDLGPVYGFQWRHFGAAYTHHDANYDGQGVDQIKAIVETLKTNPDDRRMLFTAWNPSALPRMALPPCHLLAQFYVSNGELSCMLYQRSCDMGLGVPFNIASYALLTILIAKATGLRPGELVHTLGDAHVYSNHVEPCNEQLKRVPRAFPYLVFRREREFLEDYEEGDMEVIDYAPYPPISMKMAV,Trypanosoma cruzi,7.7
14,TRICLOSAN,DB08604,CHEMBL849,Oc1cc(Cl)ccc1Oc1ccc(Cl)cc1Cl,Enoyl-acyl-carrier protein reductase,Q965D5,MNKISQRLLFLFLHFYTTVCFIQNNTQKTFHNVLQNEQIRGKEKAFYRKEKRENIFIGNKMKHVHNMNNTHNNNHYMEKEEQDASNINKIKEENKNEDICFIAGIGDTNGYGWGIAKELSKRNVKIIFGIWPPVYNIFMKNYKNGKFDNDMIIDKDKKMNILDMLPFDASFDTANDIDEETKNNKRYNMLQNYPIEDVANLIHQKYGKINMLVHSLANAKEVQKDLLNTSRKGYLDALSKSSYSLISLCKYFVNIMKPQSSIISLTYHASQKVVPGYGGGMSSAKAALESDTRVLAYHLGRNYNIRINTISAGPLKSRAATAINKLNNTYENNTNQNKNRNSHDVHNIMNNSGEKEEKKNSASQNYTFIDYAIEYSEKYAPLRQKLLSTDIGSVASFLLSRESRAITGQTIYVDNGLNIMFLPDDIYRNENE,Plasmodium falciparum,7.1
15,TRICLOSAN,DB08604,CHEMBL849,Oc1cc(Cl)ccc1Oc1ccc(Cl)cc1Cl,Enoyl-acyl carrier reductase,Q6UCJ9,MVGFKLLTLGAFVAGELTLVGPAGTMAFTVPNATGAKPLVTSVSVRPSWSSARQNAFSSSSSRSQSSVRPHSAFVTNRLETAGETGTQHRAADSAAGVGAAQSAFPIDLRGQTAFVAGVADSHGYGWAIAKHLASAGARVALGTWPPVLGLFQKSLQSGRLDEDRKLPDGSLIEFAGVYPLDAAFDKPEDVPQDIKDNKRYAGVDGYTIKEVAVKVKQDLGNIDILVHSLANGPEVTKPLLETSRKGYLAASSNSAYSFVSLLQHFGPIMNEGGSAVTLSYLAAERVVPGYGGGMSSAKAALESDTRTLAWEAGQKYGVRVNAISAGPLKSRAASAIGKSGEKSFIDYAIDYSYNNAPLRRDLHSDDVGGAALFLLSPLARAVSGVTLYVDNGLHAMGQAVDSRSMPPLQRATQEIN,Toxoplasma gondii,7.82
16,MEFLOQUINE,DB00358,CHEMBL416956,OC(c1cc(C(F)(F)F)nc2c(C(F)(F)F)cccc12)C1CCCCN1,Protein kinase Pfmrk,P90584,MENNSTERYIFKPNFLGEGSYGKVYKAYDTILKKEVAIKKMKLNEISNYIDDCGINFVLLREIKIMKEIKHKNIMSALDLYCEKDYINLVMEIMDYDLSKIINRKIFLTDSQKKCILLQILNGLNVLHKYYFMHRDLSPANIFINKKGEVKLADFGLCTKYGYDMYSDKLFRDKYKKNLNLTSKVVTLWYRAPELLLGSNKYNSSIDMWSFGCIFAELLLQKALFPGENEIDQLGKIFFLLGTPNENNWPEALCLPLYTEFTKATKKDFKTYFKIDDDDCIDLLTSFLKLNAHERISAEDAMKHRYFFNDPLPCDISQLPFNDL,Plasmodium falciparum,4.92
17,BITHIONOL,DB04813,CHEMBL290106,Oc1c(Cl)cc(Cl)cc1Sc1cc(Cl)cc(Cl)c1O,Zinc aminopeptidase,O96935,MKLTKGCAYKYIIFTVLILANILYDNKKRCMIKKNLRISSCGIISRLLKSNSNYNSFNKNYNFTSAISELQFSNFWNLDILQKDIFSNIHNNKNKPQSYIIHKRLMSEKGDNNNNNHQNNNGNDNKKRLGSVVNNEENTCSDKRMKPFEEGHGITQVDKMNNNSDHLQQNGVMNLNSNNVENNNNNNSVVVKKNEPKIHYRKDYKPSGFIINNVTLNINIHDNETIVRSVLDMDISKHNVGEDLVFDGVGLKINEISINNKKLVEGEEYTYDNEFLTIFSKFVPKSKFAFSSEVIIHPETNYALTGLYKSKNIIVSQCEATGFRRITFFIDRPDMMAKYDVTVTADKEKYPVLLSNGDKVNEFEIPGGRHGARFNDPHLKPCYLFAVVAGDLKHLSATYITKYTKKKVELYVFSEEKYVSKLQWALECLKKSMAFDEDYFGLEYDLSRLNLVAVSDFNVGAMENKGLNIFNANSLLASKKNSIDFSYARILTVVGHEYFHNYTGNRVTLRDWFQLTLKEGLTVHRENLFSEEMTKTVTTRLSHVDLLRSVQFLEDSSPLSHPIRPESYVSMENFYTTTVYDKGSEVMRMYLTILGEEYYKKGFDIYIKKNDGNTATCEDFNYAMEQAYKMKKADNSANLNQYLLWFSQSGTPHVSFKYNYDAEKKQYSIHVNQYTKPDENQKEKKPLFIPISVGLINPENGKEMISQTTLELTKESDTFVFNNIAVKPIPSLFRGFSAPVYIEDNLTDEERILLLKYDSDAFVRYNSCTNIYMKQILMNYNEFLKAKNEKLESFNLTPVNAQFIDAIKYLLEDPHADAGFKSYIVSLPQDRYIINFVSNLDTDVLADTKEYIYKQIGDKLNDVYYKMFKSLEAKADDLTYFNDESHVDFDQMNMRTLRNTLLSLLSKAQYPNILNEIIEHSKSPYPSNWLTSLSVSAYFDKYFELYDKTYKLSKDDELLLQEWLKTVSRSDRKDIYEILKKLENEVLKDSKNPNDIRAVYLPFTNNLRRFHDISGKGYKLIAEVITKTDKFNPMVATQLCEPFKLWNKLDTKRQELMLNEMNTMLQEPNISNNLKEYLLRLTNKL,Plasmodium falciparum FcB1/Columbia,4.37
18,PYRIMETHAMINE,DB00205,CHEMBL36,CCc1nc(N)nc(N)c1-c1ccc(Cl)cc1,Dihydrofolate reductase,P16184,MNQQKSLTLIVALTTSYGIGRSNSLPWKLKKEISYFKRVTSFVPTFDSFESMNVVLMGRKTWESIPLQFRPLKGRINVVITRNESLDLGNGIHSAKSLDHALELLYRTYGSESSVQINRIFVIGGAQLYKAAMDHPKLDRIMATIIYKDIHCDVFFPLKFRDKEWSSVWKKEKHSDLESWVGTKVPHGKINEDGFDYEFEMWTRDL,Pneumocystis carinii,5.5
19,PYRIMETHAMINE,DB00205,CHEMBL36,CCc1nc(N)nc(N)c1-c1ccc(Cl)cc1,Dihydrofolate reductase,P13922,MMEQVCDVFDIYAICACCKVESKNEGKKNEVFNNYTFRGLGNKGVLPWKCNSLDMKYFRAVTTYVNESKYEKLKYKRCKYLNKETVDNVNDMPNSKKLQNVVVMGRTNWESIPKKFKPLSNRINVILSRTLKKEDFDEDVYIINKVEDLIVLLGKLNYYKCFIIGGSVVYQEFLEKKLIKKIYFTRINSTYECDVFFPEINENEYQIISVSDVYTSNNTTLDFIIYKKTNNKMLNEQNCIKGEEKNNDMPLKNDDKDTCHMKKLTEFYKNVDKYKINYENDDDDEEEDDFVYFNFNKEKEEKNKNSIHPNDFQIYNSLKYKYHPEYQYLNIIYDIMMNGNKQSDRTGVGVLSKFGYIMKFDLSQYFPLLTTKKLFLRGIIEELLWFIRGETNGNTLLNKNVRIWEANGTREFLDNRKLFHREVNDLGPIYGFQWRHFGAEYTNMYDNYENKGVDQLKNIINLIKNDPTSRRILLCAWNVKDLDQMALPPCHILCQFYVFDGKLSCIMYQRSCDLGLGVPFNIASYSIFTHMIAQVCNLQPAQFIHVLGNAHVYNNHIDSLKIQLNRIPYPFPTLKLNPDIKNIEDFTISDFTIQNYVHHEKISMDMAA,Plasmodium falciparum K1,6.01
20,PYRIMETHAMINE,DB00205,CHEMBL36,CCc1nc(N)nc(N)c1-c1ccc(Cl)cc1,Dihydrofolate reductase,Q07422,MQKPVCLVVAMTPKRGIGINNGLPWPHLTTDFKHFSRVTKTTPEEASRLNGWLPRKFAKTGDSGLPSPSVGKRFNAVVMGRKTWESMPRKFRPLVDRLNIVVSSSLKEEDIAAEKPQAEGQQRVRVCASLPAALSLLEEEYKDSVDQIFVVGGAGLYEAALSLGVASHLYITRVAREFPCDVFFPAFPGDDILSNKSTAAQAAAPAESVFVPFCPELGREKDNEATYRPIFISKTFSDNGVPYDFVVLEKRRKTDDAATAEPSNAMSSLTSTRETTPVHGLQAPSSAAAIAPVLAWMDEEDRKKREQKELIRAVPHVHFRGHEEFQYLDLIADIINNGRTMDDRTGVGVISKFGCTMRYSLDQAFPLLTTKRVFWKGVLEELLWFIRGDTNANHLSEKGVKIWDKNVTREFLDSRNLPHREVGDIGPGYGFQWRHFGAAYKDMHTDYTGQGVDQLKNVIQMLRTNPTDRRMLMTAWNPAALDEMALPPCHLLCQFYVNDQKELSCIMYQRSCDVGLGVPFNIASYSLLTLMVAHVCNLKPKEFIHFMGNTHVYTNHVEALKEQLRREPRPFPIVNILNKERIKEIDDFTAEDFEVVGYVPHGRIQMEMAV,Toxoplasma gondii,6.55
21,PYRIMETHAMINE,DB00205,CHEMBL36,CCc1nc(N)nc(N)c1-c1ccc(Cl)cc1,Pteridine reductase 1,Q01782,MTAPTVPVALVTGAAKRLGRSIAEGLHAEGYAVCLHYHRSAAEANALSATLNARRPNSAITVQADLSNVATAPVSGADGSAPVTLFTRCAELVAACYTHWGRCDVLVNNASSFYPTPLLRNDEDGHEPCVGDREAMETATADLFGSNAIAPYFLIKAFAHRFAGTPAKHRGTNYSIINMVDAMTNQPLLGYTIYTMAKGALEGLTRSAALELAPLQIRVNGVGPGLSVLVDDMPPAVWEGHRSKVPLYQRDSSAAEVSDVVIFLCSSKAKYITGTCVKVDGGYSLTRA,Leishmania major,4.87
22,CHLORPHENIRAMINE,DB01114,CHEMBL505,CN(C)CCC(c1ccc(Cl)cc1)c1ccccn1,Chloroquine resistance transporter,Q9N623,MKFASKKNNQKNSSKNDERYRELDNLVQEGNGSRLGGGSCLGKCAHVFKLIFKEIKDNIFIYILSIIYLSVCVMNKIFAKRTLNKIGNYSFVTSETHNFICMIMFFIVYSLFGNKKGNSKERHRSFNLQFFAISMLDACSVILAFIGLTRTTGNIQSFVLQLSIPINMFFCFLILRYRYHLYNYLGAVIIVVTIALVEMKLSFETQEENSIIFNLVLISALIPVCFSNMTREIVFKKYKIDILRLNAMVSFFQLFTSCLILPVYTLPFLKQLHLPYNEIWTNIKNGFACLFLGRNTVVENCGLGMAKLCDDCDGAWKTFALFSFFNICDNLITSYIIDKFSTMTYTIVSCIQGPAIAIAYYFKFLAGDVVREPRLLDFVTLFGYLFGSIIYRVGNIILERKKMRNEENEDSEGELTNVDSIITQ,Plasmodium falciparum,4.27
23,METHOTREXATE,DB00563,CHEMBL34259,CN(Cc1cnc2nc(N)nc(N)c2n1)c1ccc(C(=O)N[C@@H](CCC(=O)O)C(=O)O)cc1,Dihydrofolate reductase,Q07422,MQKPVCLVVAMTPKRGIGINNGLPWPHLTTDFKHFSRVTKTTPEEASRLNGWLPRKFAKTGDSGLPSPSVGKRFNAVVMGRKTWESMPRKFRPLVDRLNIVVSSSLKEEDIAAEKPQAEGQQRVRVCASLPAALSLLEEEYKDSVDQIFVVGGAGLYEAALSLGVASHLYITRVAREFPCDVFFPAFPGDDILSNKSTAAQAAAPAESVFVPFCPELGREKDNEATYRPIFISKTFSDNGVPYDFVVLEKRRKTDDAATAEPSNAMSSLTSTRETTPVHGLQAPSSAAAIAPVLAWMDEEDRKKREQKELIRAVPHVHFRGHEEFQYLDLIADIINNGRTMDDRTGVGVISKFGCTMRYSLDQAFPLLTTKRVFWKGVLEELLWFIRGDTNANHLSEKGVKIWDKNVTREFLDSRNLPHREVGDIGPGYGFQWRHFGAAYKDMHTDYTGQGVDQLKNVIQMLRTNPTDRRMLMTAWNPAALDEMALPPCHLLCQFYVNDQKELSCIMYQRSCDVGLGVPFNIASYSLLTLMVAHVCNLKPKEFIHFMGNTHVYTNHVEALKEQLRREPRPFPIVNILNKERIKEIDDFTAEDFEVVGYVPHGRIQMEMAV,Toxoplasma gondii,7.3
24,METHOTREXATE,DB00563,CHEMBL34259,CN(Cc1cnc2nc(N)nc(N)c2n1)c1ccc(C(=O)N[C@@H](CCC(=O)O)C(=O)O)cc1,Dihydrofolate reductase,P16184,MNQQKSLTLIVALTTSYGIGRSNSLPWKLKKEISYFKRVTSFVPTFDSFESMNVVLMGRKTWESIPLQFRPLKGRINVVITRNESLDLGNGIHSAKSLDHALELLYRTYGSESSVQINRIFVIGGAQLYKAAMDHPKLDRIMATIIYKDIHCDVFFPLKFRDKEWSSVWKKEKHSDLESWVGTKVPHGKINEDGFDYEFEMWTRDL,Pneumocystis carinii,8.59
25,METHOTREXATE,DB00563,CHEMBL34259,CN(Cc1cnc2nc(N)nc(N)c2n1)c1ccc(C(=O)N[C@@H](CCC(=O)O)C(=O)O)cc1,Dihydrofolate reductase,P13922,MMEQVCDVFDIYAICACCKVESKNEGKKNEVFNNYTFRGLGNKGVLPWKCNSLDMKYFRAVTTYVNESKYEKLKYKRCKYLNKETVDNVNDMPNSKKLQNVVVMGRTNWESIPKKFKPLSNRINVILSRTLKKEDFDEDVYIINKVEDLIVLLGKLNYYKCFIIGGSVVYQEFLEKKLIKKIYFTRINSTYECDVFFPEINENEYQIISVSDVYTSNNTTLDFIIYKKTNNKMLNEQNCIKGEEKNNDMPLKNDDKDTCHMKKLTEFYKNVDKYKINYENDDDDEEEDDFVYFNFNKEKEEKNKNSIHPNDFQIYNSLKYKYHPEYQYLNIIYDIMMNGNKQSDRTGVGVLSKFGYIMKFDLSQYFPLLTTKKLFLRGIIEELLWFIRGETNGNTLLNKNVRIWEANGTREFLDNRKLFHREVNDLGPIYGFQWRHFGAEYTNMYDNYENKGVDQLKNIINLIKNDPTSRRILLCAWNVKDLDQMALPPCHILCQFYVFDGKLSCIMYQRSCDLGLGVPFNIASYSIFTHMIAQVCNLQPAQFIHVLGNAHVYNNHIDSLKIQLNRIPYPFPTLKLNPDIKNIEDFTISDFTIQNYVHHEKISMDMAA,Plasmodium falciparum K1,7.08
26,METHOTREXATE,DB00563,CHEMBL34259,CN(Cc1cnc2nc(N)nc(N)c2n1)c1ccc(C(=O)N[C@@H](CCC(=O)O)C(=O)O)cc1,Bifunctional dihydrofolate reductase-thymidylate synthase,Q27793,MSLFKIRMPETVAEGTRLALRAFSLVVAVDEHGGIGDGRSIPWNVPEDMKFFRDLTTKLRGKNVKPSPAKRNAVVMGRKTWDSIPPKFRPLPGRLNVVLSSTLTTQHLLDGLPDEEKRNLHADSIVAVNGGLEQALRLLASPNYTPSIETVYCIGGGSVYAEALRPPCVHLLQAIYRTTIRASESSCSVFFRVPESGTEAAAGIEWQRETISEELTSANGNETKYYFEKLIPRNREEEQYLSLVDRIIREGNVKHDRTGVGTLSIFGAQMRFSLRNNRLPLLTTKRVFWRGVCEELLWFLRGETYAKKLSDKGVHIWDDNGSRAFLDSRGLTEYEEMDLGPVYGFQWRHFGAAYTHHDANYDGQGVDQIKAIVETLKTNPDDRRMLFTAWNPSALPRMALPPCHLLAQFYVSNGELSCMLYQRSCDMGLGVPFNIASYALLTILIAKATGLRPGELVHTLGDAHVYSNHVEPCNEQLKRVPRAFPYLVFRREREFLEDYEEGDMEVIDYAPYPPISMKMAV,Trypanosoma cruzi,6.96
27,CIANIDANOL,DB14086,CHEMBL311498,Oc1cc(O)c2c(c1)O[C@H](c1ccc(O)c(O)c1)[C@@H](O)C2,Dihydroorotate dehydrogenase (fumarate),Q4QEW7,MSLQVNLLNNTFANPFMNAAGVMCTTTEELVAMTESASGSLVSKSCTPALREGNPTPRYQALPLGSINSMGLPNNGFDFYLAYAAEQHDYGKKPLFLSMSGLSMRENVEMCKRLAAVATEKGVILELNLSCPNVPGKPQVAYDFDAMRQCLTAVSEVYPHSFGVKMPPYFDFAHFDAAAEILNEFPKVQFITCINSIGNGLVIDAETESVVIKPKQGFGGLGGRYVLPTALANINAFYRRCPGKLIFGCGGVYTGEDAFLHVLAGASMVQVGTALQEEGPSIFERLTSELLGVMAKKRYQTLDEFRGKVRTLDGTAESTR,Leishmania major,4.0
28,CIANIDANOL,DB14086,CHEMBL311498,Oc1cc(O)c2c(c1)O[C@H](c1ccc(O)c(O)c1)[C@@H](O)C2,Arginase,O96394,MEHVQQYKFYKEKKMSIVLAPFSGGQPHSGVELGPDYLLKQGLQQDMEKLGWDTRLERVFDGKVVEARKASDNGDRIGRVKRPRLTAECTEKIYKCVRRVAEQGRFPLTIGGDHSIALGTVAGVLSVHPDAGVIWVDAHADINTMSGTVSGNLHGCPLSILLGLDRENIPECFSWVPQVLKPNKIAYIGLRAVDDEEKKILHDLNIAAFSMHHVDRYGIDKVVSMAIEAVSPKGTEPVMVSYDVDTIDPLYVPATGTPVRGGLSFREALFLCERIAECGRLVALDVVECNPLLAATESHVNDTISDGRAIARCMMGETLLYTPHTSSKL,Leishmania amazonensis,5.77
29,VERAPAMIL,DB00661,CHEMBL6966,COc1ccc(CCN(C)CCCC(C#N)(c2ccc(OC)c(OC)c2)C(C)C)cc1OC,Chloroquine resistance transporter,Q9N623,MKFASKKNNQKNSSKNDERYRELDNLVQEGNGSRLGGGSCLGKCAHVFKLIFKEIKDNIFIYILSIIYLSVCVMNKIFAKRTLNKIGNYSFVTSETHNFICMIMFFIVYSLFGNKKGNSKERHRSFNLQFFAISMLDACSVILAFIGLTRTTGNIQSFVLQLSIPINMFFCFLILRYRYHLYNYLGAVIIVVTIALVEMKLSFETQEENSIIFNLVLISALIPVCFSNMTREIVFKKYKIDILRLNAMVSFFQLFTSCLILPVYTLPFLKQLHLPYNEIWTNIKNGFACLFLGRNTVVENCGLGMAKLCDDCDGAWKTFALFSFFNICDNLITSYIIDKFSTMTYTIVSCIQGPAIAIAYYFKFLAGDVVREPRLLDFVTLFGYLFGSIIYRVGNIILERKKMRNEENEDSEGELTNVDSIITQ,Plasmodium falciparum,4.51
30,TRIFLUOPERAZINE,DB00831,CHEMBL422,CN1CCN(CCCN2c3ccccc3Sc3ccc(C(F)(F)F)cc32)CC1,Trypanothione reductase,P28593,MMSKIFDLVVIGAGSGGLEAAWNAATLYKKRVAVIDVQMVHGPPFFSALGGTCVNVGCVPKKLMVTGAQYMEHLRESAGFGWEFDRTTLRAEWKKLIAVKDEAVLNINKSYEEMFRDTEGLEFFLGWGSLESKNVVNVRESADPASAVKERLETENILLASGSWPHMPNIPGIEHCISSNEAFYLPEPPRRVLTVGGGFISVEFAGIFNAYKPKDGQVTLCYRGEMILRGFDHTLREELTKQLTANGIQILTKENPAKVELNADGSKSVTFESGKKMDFDLVMMAIGRSPRTKDLQLQNAGVMIKNGGVQVDEYSRTNVSNIYAIGDVTNRVMLTPVAINEAAALVDTVFGTNPRKTDHTRVASAVFSIPPIGTCGLIEEVASKRYEVVAVYLSSFTPLMHNISGSKYKTFVAKIITNHSDGTVLGVHLLGDNAPEIIQGVGICLKLNAKISDFYNTIGVHPTSAEELCSMRTPSYYYVKGEKMEKPSEASL,Trypanosoma cruzi,4.14
31,IDEBENONE,DB09081,CHEMBL252556,COC1=C(OC)C(=O)C(CCCCCCCCCCO)=C(C)C1=O,NAD-dependent protein deacetylase,T1VXA1,MSFDFLGIKKALFGDNTPRPELKSLNIEGVAQLIQDGQVNKIITMVGAGVSTAAGIPDFRSPSSGIYDNLEDFNLPTPNAIFTIDYFRRDPRPFFEIARRLYRPEAKPTLAHCFIRLLHDKGLLLRHYTQNVDSLERLSGLPEEKLVEAHGTFHTGHCIKCNKQHDFEFMLNEILAKRVPQCLKCRNVVKPDVVLFGESMPKKFFKNLSSDLNNCDLLIIMGTSLTVLPFCAMIHRVGNDVPRLYINREYNDGSTESGLSSFIMRFMVAGFKQNYMKWGRSDNKRDIFWSGNADDGVVKISELLGWKDDLLRLKKETDSRLNEEFLAKKSQDKTNGQ,Schistosoma mansoni,5.72
32,CHLOROQUINE,DB00608,CHEMBL76,CCN(CC)CCCC(C)Nc1ccnc2cc(Cl)ccc12,Histidine-rich protein,P05227,MVSFSKNKVLSAAVFASVLLLDNNNSAFNNNLCSKNAKGLNLNKRLLHETQAHVDDAHHAHHVADAHHAHHAHHAADAHHAHHAADAHHAHHAADAHHAHHAADAHHAHHAADAHHAHHAADAHHAHHAADAHHAHHAADAHHAHHAADAHHAHHAAYAHHAHHASDAHHAADAHHAAYAHHAHHAADAHHAADAHHAAYAHHAHHAADAHHAADAHHATDAHHAHHAADAHHATDAHHAADAHHAADAHHATDAHHAADAHHATDAHHAADAHHAADAHHATDSHHAHHAADAHHAAAHHATDAHHAAAHHATDAHHAAAHHEAATHCLRH,Plasmodium falciparum,4.93
33,CHLOROQUINE,DB00608,CHEMBL76,CCN(CC)CCCC(C)Nc1ccnc2cc(Cl)ccc12,Falcipain 2,Q9N6S8,MDYNMDYAPHEVISQQGERFVDKYVDRKILKNKKSLLVIISLSVLSVVGFVLFYFTPNSRKSDLFKNSSVENNNDDYIINSLLKSPNGKKFIVSKIDEALSFYDSKKNDINKYNEGNNNNNADFKGLSLFKENTPSNNFIHNKDYFINFFDNKFLMNNAEHINQFYMFIKTNNKQYNSPNEMKERFQVFLQNAHKVNMHNNNKNSLYKKELNRFADLTYHEFKNKYLSLRSSKPLKNSKYLLDQMNYEEVIKKYRGEENFDHAAYDWRLHSGVTPVKDQKNCGSCWAFSSIGSVESQYAIRKNKLITLSEQELVDCSFKNYGCNGGLINNAFEDMIELGGICPDGDYPYVSDAPNLCNIDRCTEKYGIKNYLSVPDNKLKEALRFLGPISISVAVSDDFAFYKEGIFDGECGDQLNHAVMLVGFGMKEIVNPLTKKGEKHYYYIIKNSWGQQWGERGFINIETDESGLMRKCGLGTDAFIPLIE,Plasmodium falciparum,7.7
34,CHLOROQUINE,DB00608,CHEMBL76,CCN(CC)CCCC(C)Nc1ccnc2cc(Cl)ccc12,Falcipain 2,Q9NAW2,MDYNMDYAPHEVISQQGERFVDKYVDRKILKNKKSLLVIISLSVLSVVGFVLFYFTPNSRKSDLFKNSSVENNNDDYIINSLLKSPNGKKFIVSKIDEALSFYDSKKNDINKYNEGNNNNNADFKGLSLFKENTPSNNFIHNKDYFINFFDNKFLMNNAEHINQFYMFIKTNNKQYNSPNEMKERFQVFLQNAHKVNMHNNNKNSLYKKELNRFADLTYHEFKNKYLSLRSSKPLKNSKYLLDQMNYEEVIKKYRGEENFDHAAYDWRLHSGVTPVKDQKNCGSCWAFSSIGSVESQYAIRKNKLITLSEQELVDCSFKNYGCNGGLINNAFEDMIELGGICPDGDYPYVSDAPNLCNIDRCTEKYGIKNYLSVPDNKLKEALRFLGPISISVAVSDDFAFYKEGIFDGECGDELNHAVMLVGFGMKEIVNPLTKKGEKHYYYIIKNSWGQQWGERGFINIETDESGLMRKCGLGTDAFIPLIE,Plasmodium falciparum,6.7
35,PROCHLORPERAZINE,DB00433,CHEMBL728,CN1CCN(CCCN2c3ccccc3Sc3ccc(Cl)cc32)CC1,Trypanothione reductase,P39051,MSKIFDLVVIGAGSGGLEAGWNAATLYKKRVAVIDVQTHHGPPHYAALGGTCVNVGCVPKKLMVTGAQYMDHLRESAGFGWEFDGSSVKANWKKLIAAKNEAVLDINKSYEGMFNDTEGLDFFLGWGSLESKNVVVVRETADPKSAVKERLQADHILLATGSWPQMPAIPGVEHCISSNEAFYLPEPPRRVLTVGGGFISVEFAGIFNAYKPPGGKVTLCYRNNLILRGFDETIREEVTKQLTANGIEIMTNENPAKVSLNTDGSKHVTFESGKTLDVDVVMMAIGRIPRTNDLQLGNVGVKLTPKGGVQVDEFSRTNVPNIYAIGDITDRLMLTPVAINEGAALVDTVFGNKPRKTDHTRVASAVFSIPPIGTCGLIEEVAAKEFEKVAVYMSSFTPLMHNISGSKYKKFVAKIVTNHSDGTVLGVHLLGDGAPEIIQAVGVCLRLNAKISDFYNTIGVHPTSAEELCSMRTPSYYYLKGEKMETLPESSL,Trypanosoma brucei brucei,5.12
36,BUFEXAMAC,DB13346,CHEMBL94394,CCCCOc1ccc(CC(=O)NO)cc1,Zinc aminopeptidase,O96935,MKLTKGCAYKYIIFTVLILANILYDNKKRCMIKKNLRISSCGIISRLLKSNSNYNSFNKNYNFTSAISELQFSNFWNLDILQKDIFSNIHNNKNKPQSYIIHKRLMSEKGDNNNNNHQNNNGNDNKKRLGSVVNNEENTCSDKRMKPFEEGHGITQVDKMNNNSDHLQQNGVMNLNSNNVENNNNNNSVVVKKNEPKIHYRKDYKPSGFIINNVTLNINIHDNETIVRSVLDMDISKHNVGEDLVFDGVGLKINEISINNKKLVEGEEYTYDNEFLTIFSKFVPKSKFAFSSEVIIHPETNYALTGLYKSKNIIVSQCEATGFRRITFFIDRPDMMAKYDVTVTADKEKYPVLLSNGDKVNEFEIPGGRHGARFNDPHLKPCYLFAVVAGDLKHLSATYITKYTKKKVELYVFSEEKYVSKLQWALECLKKSMAFDEDYFGLEYDLSRLNLVAVSDFNVGAMENKGLNIFNANSLLASKKNSIDFSYARILTVVGHEYFHNYTGNRVTLRDWFQLTLKEGLTVHRENLFSEEMTKTVTTRLSHVDLLRSVQFLEDSSPLSHPIRPESYVSMENFYTTTVYDKGSEVMRMYLTILGEEYYKKGFDIYIKKNDGNTATCEDFNYAMEQAYKMKKADNSANLNQYLLWFSQSGTPHVSFKYNYDAEKKQYSIHVNQYTKPDENQKEKKPLFIPISVGLINPENGKEMISQTTLELTKESDTFVFNNIAVKPIPSLFRGFSAPVYIEDNLTDEERILLLKYDSDAFVRYNSCTNIYMKQILMNYNEFLKAKNEKLESFNLTPVNAQFIDAIKYLLEDPHADAGFKSYIVSLPQDRYIINFVSNLDTDVLADTKEYIYKQIGDKLNDVYYKMFKSLEAKADDLTYFNDESHVDFDQMNMRTLRNTLLSLLSKAQYPNILNEIIEHSKSPYPSNWLTSLSVSAYFDKYFELYDKTYKLSKDDELLLQEWLKTVSRSDRKDIYEILKKLENEVLKDSKNPNDIRAVYLPFTNNLRRFHDISGKGYKLIAEVITKTDKFNPMVATQLCEPFKLWNKLDTKRQELMLNEMNTMLQEPNISNNLKEYLLRLTNKL,Plasmodium falciparum FcB1/Columbia,4.09
37,TRICLABENDAZOLE,DB12245,CHEMBL1086440,CSc1nc2cc(Cl)c(Oc3cccc(Cl)c3Cl)cc2[nH]1,Cruzipain,P25779,MSGWARALLLAAVLVVMACLVPAATASLHAEETLTSQFAEFKQKHGRVYESAAEEAFRLSVFRENLFLARLHAAANPHATFGVTPFSDLTREEFRSRYHNGAAHFAAAQERARVPVKVEVVGAPAAVDWRARGAVTAVKDQGQCGSCWAFSAIGNVECQWFLAGHPLTNLSEQMLVSCDKTDSGCSGGLMNNAFEWIVQENNGAVYTEDSYPYASGEGISPPCTTSGHTVGATITGHVELPQDEAQIAAWLAVNGPVAVAVDASSWMTYTGGVMTSCVSEQLDHGVLLVGYNDSAAVPYWIIKNSWTTQWGEEGYIRIAKGSNQCLVKEEASSAVVGGPGPTPEPTTTTTTSAPGPSPSYFVQMSCTDAACIVGCENVTLPTGQCLLTTSGVSAIVTCGAETLTEEVFLTSTHCSGPSVRSSVPLNKCNRLLRGSVEFFCGSSSSGRLADVDRQRRHQPYHSRHRRL,Trypanosoma cruzi,4.82
38,PRIMAQUINE,DB01087,CHEMBL506,COc1cc(NC(C)CCCN)c2ncccc2c1,Chloroquine resistance transporter,Q9N623,MKFASKKNNQKNSSKNDERYRELDNLVQEGNGSRLGGGSCLGKCAHVFKLIFKEIKDNIFIYILSIIYLSVCVMNKIFAKRTLNKIGNYSFVTSETHNFICMIMFFIVYSLFGNKKGNSKERHRSFNLQFFAISMLDACSVILAFIGLTRTTGNIQSFVLQLSIPINMFFCFLILRYRYHLYNYLGAVIIVVTIALVEMKLSFETQEENSIIFNLVLISALIPVCFSNMTREIVFKKYKIDILRLNAMVSFFQLFTSCLILPVYTLPFLKQLHLPYNEIWTNIKNGFACLFLGRNTVVENCGLGMAKLCDDCDGAWKTFALFSFFNICDNLITSYIIDKFSTMTYTIVSCIQGPAIAIAYYFKFLAGDVVREPRLLDFVTLFGYLFGSIIYRVGNIILERKKMRNEENEDSEGELTNVDSIITQ,Plasmodium falciparum,4.17
39,CLOFAZIMINE,DB00845,CHEMBL1292,CC(C)/N=c1\cc2n(-c3ccc(Cl)cc3)c3ccccc3nc-2cc1Nc1ccc(Cl)cc1,Cruzipain,P25779,MSGWARALLLAAVLVVMACLVPAATASLHAEETLTSQFAEFKQKHGRVYESAAEEAFRLSVFRENLFLARLHAAANPHATFGVTPFSDLTREEFRSRYHNGAAHFAAAQERARVPVKVEVVGAPAAVDWRARGAVTAVKDQGQCGSCWAFSAIGNVECQWFLAGHPLTNLSEQMLVSCDKTDSGCSGGLMNNAFEWIVQENNGAVYTEDSYPYASGEGISPPCTTSGHTVGATITGHVELPQDEAQIAAWLAVNGPVAVAVDASSWMTYTGGVMTSCVSEQLDHGVLLVGYNDSAAVPYWIIKNSWTTQWGEEGYIRIAKGSNQCLVKEEASSAVVGGPGPTPEPTTTTTTSAPGPSPSYFVQMSCTDAACIVGCENVTLPTGQCLLTTSGVSAIVTCGAETLTEEVFLTSTHCSGPSVRSSVPLNKCNRLLRGSVEFFCGSSSSGRLADVDRQRRHQPYHSRHRRL,Trypanosoma cruzi,4.81
40,BENZBROMARONE,DB12319,CHEMBL388590,CCc1oc2ccccc2c1C(=O)c1cc(Br)c(O)c(Br)c1,Zinc aminopeptidase,O96935,MKLTKGCAYKYIIFTVLILANILYDNKKRCMIKKNLRISSCGIISRLLKSNSNYNSFNKNYNFTSAISELQFSNFWNLDILQKDIFSNIHNNKNKPQSYIIHKRLMSEKGDNNNNNHQNNNGNDNKKRLGSVVNNEENTCSDKRMKPFEEGHGITQVDKMNNNSDHLQQNGVMNLNSNNVENNNNNNSVVVKKNEPKIHYRKDYKPSGFIINNVTLNINIHDNETIVRSVLDMDISKHNVGEDLVFDGVGLKINEISINNKKLVEGEEYTYDNEFLTIFSKFVPKSKFAFSSEVIIHPETNYALTGLYKSKNIIVSQCEATGFRRITFFIDRPDMMAKYDVTVTADKEKYPVLLSNGDKVNEFEIPGGRHGARFNDPHLKPCYLFAVVAGDLKHLSATYITKYTKKKVELYVFSEEKYVSKLQWALECLKKSMAFDEDYFGLEYDLSRLNLVAVSDFNVGAMENKGLNIFNANSLLASKKNSIDFSYARILTVVGHEYFHNYTGNRVTLRDWFQLTLKEGLTVHRENLFSEEMTKTVTTRLSHVDLLRSVQFLEDSSPLSHPIRPESYVSMENFYTTTVYDKGSEVMRMYLTILGEEYYKKGFDIYIKKNDGNTATCEDFNYAMEQAYKMKKADNSANLNQYLLWFSQSGTPHVSFKYNYDAEKKQYSIHVNQYTKPDENQKEKKPLFIPISVGLINPENGKEMISQTTLELTKESDTFVFNNIAVKPIPSLFRGFSAPVYIEDNLTDEERILLLKYDSDAFVRYNSCTNIYMKQILMNYNEFLKAKNEKLESFNLTPVNAQFIDAIKYLLEDPHADAGFKSYIVSLPQDRYIINFVSNLDTDVLADTKEYIYKQIGDKLNDVYYKMFKSLEAKADDLTYFNDESHVDFDQMNMRTLRNTLLSLLSKAQYPNILNEIIEHSKSPYPSNWLTSLSVSAYFDKYFELYDKTYKLSKDDELLLQEWLKTVSRSDRKDIYEILKKLENEVLKDSKNPNDIRAVYLPFTNNLRRFHDISGKGYKLIAEVITKTDKFNPMVATQLCEPFKLWNKLDTKRQELMLNEMNTMLQEPNISNNLKEYLLRLTNKL,Plasmodium falciparum FcB1/Columbia,4.2
41,BENZBROMARONE,DB12319,CHEMBL388590,CCc1oc2ccccc2c1C(=O)c1cc(Br)c(O)c(Br)c1,M17 leucyl aminopeptidase,Q8IL11,MYFSSLCKFLPISEKEKIYLNIVKKRFCKSNIYYNNNNNNIINYNKRGLKFYPFCNNLKKNINFVNINNKKGINFHSINKERKMASEVPQVVSLDPTSIPIEYNTPIHDIKVQVYDIKGGCNVEEGLTIFLVNNPGKENGPVKISSKVNDKNVSEFLKDENMEKFNVKLGTSKHFYMFNDNKNSVAVGYVGCGSVADLSEADMKRVVLSLVTMLHDNKLSKLTVVFEINVDKNLFRFFLETLFYEYMTDERFKSTDKNVNMEYIKHLGVYINNADTYKEEVEKARVYYFGTYYASQLIAAPSNYCNPVSLSNAAVELAQKLNLEYKILGVKELEELKMGAYLSVGKGSMYPNKFIHLTYKSKGDVKKKIALVGKGITFDSGGYNLKAAPGSMIDLMKFDMSGCAAVLGCAYCVGTLKPENVEIHFLSAVCENMVSKNSYRPGDIITASNGKTIEVGNTDAEGRLTLADALVYAEKLGVDYIVDIATLTGAMLYSLGTSYAGVFGNNEELINKILNSSKTSNEPVWWLPIINEYRATLNSKYADINNISSSVKASSIVASLFLKEFVQNTAWAHIDIAGVSWNFKARKPKGFGVRLLTEFVLNDAL,Plasmodium falciparum 3D7,4.09
42,CHLORPROMAZINE,DB00477,CHEMBL71,CN(C)CCCN1c2ccccc2Sc2ccc(Cl)cc21,Trypanothione reductase,P28593,MMSKIFDLVVIGAGSGGLEAAWNAATLYKKRVAVIDVQMVHGPPFFSALGGTCVNVGCVPKKLMVTGAQYMEHLRESAGFGWEFDRTTLRAEWKKLIAVKDEAVLNINKSYEEMFRDTEGLEFFLGWGSLESKNVVNVRESADPASAVKERLETENILLASGSWPHMPNIPGIEHCISSNEAFYLPEPPRRVLTVGGGFISVEFAGIFNAYKPKDGQVTLCYRGEMILRGFDHTLREELTKQLTANGIQILTKENPAKVELNADGSKSVTFESGKKMDFDLVMMAIGRSPRTKDLQLQNAGVMIKNGGVQVDEYSRTNVSNIYAIGDVTNRVMLTPVAINEAAALVDTVFGTNPRKTDHTRVASAVFSIPPIGTCGLIEEVASKRYEVVAVYLSSFTPLMHNISGSKYKTFVAKIITNHSDGTVLGVHLLGDNAPEIIQGVGICLKLNAKISDFYNTIGVHPTSAEELCSMRTPSYYYVKGEKMEKPSEASL,Trypanosoma cruzi,4.45
43,FLUCONAZOLE,DB00196,CHEMBL106,OC(Cn1cncn1)(Cn1cncn1)c1ccc(F)cc1F,Sterol 14-alpha demethylase,Q7Z1V1,MFIEAIVLALTALILYSVYSVKSFNTTRPTDPPVYPVTVPFLGHIVQFGKNPLEFMQRCKRDLKSGVFTISIGGQRVTIVGDPHEHSRFFSPRNEILSPREVYTIMTPVFGEGVAYAAPYPRMREQLNFLAEELTIAKFQNFVPAIQHEVRKFMAENWKEDEGVINLLEDCGAMIINTACQCLFGEDLRKRLNARHFAQLLSKMESSLIPAAVFMPWLLRLPLPQSARCREARAELQKILGEIIVAREKEEASKDNNTSDLLGGLLKAVYRDGTRMSLHEVCGMIVAAMFAGQHTSTITTSWSMLHLMHPKNKKWLDKLHKEIDEFPAQLNYDNVMDEMPFAERCVRESIRRDPPLLMVMRMVKAEVKVGSYVVPKGDIIACSPLLSHHDEEAFPNPRLWDPERDEKVDGAFIGFGAGVHKCIGQKFALLQVKTILATAFREYDFQLLRDEVPDPDYHTMVVGPTLNQCLVKYTRKKKLPS,Trypanosoma cruzi (strain CL Brener),6.06
44,RALTITREXED,DB00293,CHEMBL225071,Cc1nc(=O)c2cc(CN(C)c3ccc(C(=O)N[C@@H](CCC(=O)O)C(=O)O)s3)ccc2[nH]1,Dihydrofolate reductase,Q07422,MQKPVCLVVAMTPKRGIGINNGLPWPHLTTDFKHFSRVTKTTPEEASRLNGWLPRKFAKTGDSGLPSPSVGKRFNAVVMGRKTWESMPRKFRPLVDRLNIVVSSSLKEEDIAAEKPQAEGQQRVRVCASLPAALSLLEEEYKDSVDQIFVVGGAGLYEAALSLGVASHLYITRVAREFPCDVFFPAFPGDDILSNKSTAAQAAAPAESVFVPFCPELGREKDNEATYRPIFISKTFSDNGVPYDFVVLEKRRKTDDAATAEPSNAMSSLTSTRETTPVHGLQAPSSAAAIAPVLAWMDEEDRKKREQKELIRAVPHVHFRGHEEFQYLDLIADIINNGRTMDDRTGVGVISKFGCTMRYSLDQAFPLLTTKRVFWKGVLEELLWFIRGDTNANHLSEKGVKIWDKNVTREFLDSRNLPHREVGDIGPGYGFQWRHFGAAYKDMHTDYTGQGVDQLKNVIQMLRTNPTDRRMLMTAWNPAALDEMALPPCHLLCQFYVNDQKELSCIMYQRSCDVGLGVPFNIASYSLLTLMVAHVCNLKPKEFIHFMGNTHVYTNHVEALKEQLRREPRPFPIVNILNKERIKEIDDFTAEDFEVVGYVPHGRIQMEMAV,Toxoplasma gondii,5.91
45,BELINOSTAT,DB05015,CHEMBL408513,O=C(/C=C/c1cccc(S(=O)(=O)Nc2ccccc2)c1)NO,Histone deacetylase,Q9XYC7,MSNRKKVAYFHDPDIGSYYYGAGHPMKPQRIRMTHSLIVSYNLYKYMEVYRPHKSDVNELTLFHDYEYIDFLSSISLENYREFTYQLKRFNVGEATDCPVFDGLFQFQQSCAGASIDGASKLNHHCADICVNWSGGLHHAKMSEASGFCYINDIVLGILELLKYHARVMYIDIDVHHGDGVEEAFYVTHRVMTVSFHKFGDYFPGTGDITDVGVNHGKYYSVNVPLNDGMTDDAFVDLFKVVIDKCVQTYRPGAIIIQCGADSLTGDRLGRFNLTIKGHARCVEHVRSYNIPLLVLGGGGYTIRNVSRCWAYETGVVLNKHHEMPDQISLNDYYDYYAPDFQLHLQPSNIPNYNSPEHLSRIKMKIAENLRHIEHAPGVQFSYVPPDFFNSDIDDESDKNQYELKDDSGGGRAPGTRAKEHSTTHHLRRKNYDDDFFDLSDRDQSIVPY,Plasmodium falciparum,6.67
46,VORINOSTAT,DB02546,CHEMBL98,O=C(CCCCCCC(=O)Nc1ccccc1)NO,Histone deacetylase 8,A5H660,MSVGIVYGDQYRQLCCSSPKFGDRYALVMDLINAYKLIPELSRVPPLQWDSPSRMYEAVTAFHSTEYVDALKKLQMLHCEEKELTADDELLMDSFSLNYDCPGFPSVFDYSLAAVQGSLAAASALICRHCEVVINWGGGWHHAKRSEASGFCYLNDIVLAIHRLVSSTPPETSPNRQTRVLYVDLDLHHGDGVEEAFWYSPRVVTFSVHHASPGFFPGTGTWNMVDNDKLPIFLNGAGRGRFSAFNLPLEEGINDLDWSNAIGPILDSLNIVIQPSYVVVQCGADCLATDPHRIFRLTNFYPNLNLDSDCDSECSLSGYLYAIKKILSWKVPTLILGGGGYNFPDTARLWTRVTALTIEEVKGKKMTISPEIPEHSYFSRYGPDFELDIDYFPHESHNKTLDSIQKHHRRILEQLRNYADLNKLIYDYDQVYQLYNLTGM,Schistosoma mansoni,5.91
47,PEMETREXED,DB00642,CHEMBL225072,Nc1nc2[nH]cc(CCc3ccc(C(=O)N[C@@H](CCC(=O)O)C(=O)O)cc3)c2c(=O)[nH]1,Dihydrofolate reductase,Q07422,MQKPVCLVVAMTPKRGIGINNGLPWPHLTTDFKHFSRVTKTTPEEASRLNGWLPRKFAKTGDSGLPSPSVGKRFNAVVMGRKTWESMPRKFRPLVDRLNIVVSSSLKEEDIAAEKPQAEGQQRVRVCASLPAALSLLEEEYKDSVDQIFVVGGAGLYEAALSLGVASHLYITRVAREFPCDVFFPAFPGDDILSNKSTAAQAAAPAESVFVPFCPELGREKDNEATYRPIFISKTFSDNGVPYDFVVLEKRRKTDDAATAEPSNAMSSLTSTRETTPVHGLQAPSSAAAIAPVLAWMDEEDRKKREQKELIRAVPHVHFRGHEEFQYLDLIADIINNGRTMDDRTGVGVISKFGCTMRYSLDQAFPLLTTKRVFWKGVLEELLWFIRGDTNANHLSEKGVKIWDKNVTREFLDSRNLPHREVGDIGPGYGFQWRHFGAAYKDMHTDYTGQGVDQLKNVIQMLRTNPTDRRMLMTAWNPAALDEMALPPCHLLCQFYVNDQKELSCIMYQRSCDVGLGVPFNIASYSLLTLMVAHVCNLKPKEFIHFMGNTHVYTNHVEALKEQLRREPRPFPIVNILNKERIKEIDDFTAEDFEVVGYVPHGRIQMEMAV,Toxoplasma gondii,5.84
48,URSODIOL,,CHEMBL1551,C[C@H](CCC(=O)O)[C@H]1CC[C@H]2[C@@H]3[C@@H](O)C[C@@H]4C[C@H](O)CC[C@]4(C)[C@H]3CC[C@]12C,Zinc aminopeptidase,O96935,MKLTKGCAYKYIIFTVLILANILYDNKKRCMIKKNLRISSCGIISRLLKSNSNYNSFNKNYNFTSAISELQFSNFWNLDILQKDIFSNIHNNKNKPQSYIIHKRLMSEKGDNNNNNHQNNNGNDNKKRLGSVVNNEENTCSDKRMKPFEEGHGITQVDKMNNNSDHLQQNGVMNLNSNNVENNNNNNSVVVKKNEPKIHYRKDYKPSGFIINNVTLNINIHDNETIVRSVLDMDISKHNVGEDLVFDGVGLKINEISINNKKLVEGEEYTYDNEFLTIFSKFVPKSKFAFSSEVIIHPETNYALTGLYKSKNIIVSQCEATGFRRITFFIDRPDMMAKYDVTVTADKEKYPVLLSNGDKVNEFEIPGGRHGARFNDPHLKPCYLFAVVAGDLKHLSATYITKYTKKKVELYVFSEEKYVSKLQWALECLKKSMAFDEDYFGLEYDLSRLNLVAVSDFNVGAMENKGLNIFNANSLLASKKNSIDFSYARILTVVGHEYFHNYTGNRVTLRDWFQLTLKEGLTVHRENLFSEEMTKTVTTRLSHVDLLRSVQFLEDSSPLSHPIRPESYVSMENFYTTTVYDKGSEVMRMYLTILGEEYYKKGFDIYIKKNDGNTATCEDFNYAMEQAYKMKKADNSANLNQYLLWFSQSGTPHVSFKYNYDAEKKQYSIHVNQYTKPDENQKEKKPLFIPISVGLINPENGKEMISQTTLELTKESDTFVFNNIAVKPIPSLFRGFSAPVYIEDNLTDEERILLLKYDSDAFVRYNSCTNIYMKQILMNYNEFLKAKNEKLESFNLTPVNAQFIDAIKYLLEDPHADAGFKSYIVSLPQDRYIINFVSNLDTDVLADTKEYIYKQIGDKLNDVYYKMFKSLEAKADDLTYFNDESHVDFDQMNMRTLRNTLLSLLSKAQYPNILNEIIEHSKSPYPSNWLTSLSVSAYFDKYFELYDKTYKLSKDDELLLQEWLKTVSRSDRKDIYEILKKLENEVLKDSKNPNDIRAVYLPFTNNLRRFHDISGKGYKLIAEVITKTDKFNPMVATQLCEPFKLWNKLDTKRQELMLNEMNTMLQEPNISNNLKEYLLRLTNKL,Plasmodium falciparum FcB1/Columbia,5.58
49,CANDESARTAN CILEXETIL,DB00796,CHEMBL1014,CCOc1nc2cccc(C(=O)OC(C)OC(=O)OC3CCCCC3)c2n1Cc1ccc(-c2ccccc2-c2nn[nH]n2)cc1,Cruzipain,P25779,MSGWARALLLAAVLVVMACLVPAATASLHAEETLTSQFAEFKQKHGRVYESAAEEAFRLSVFRENLFLARLHAAANPHATFGVTPFSDLTREEFRSRYHNGAAHFAAAQERARVPVKVEVVGAPAAVDWRARGAVTAVKDQGQCGSCWAFSAIGNVECQWFLAGHPLTNLSEQMLVSCDKTDSGCSGGLMNNAFEWIVQENNGAVYTEDSYPYASGEGISPPCTTSGHTVGATITGHVELPQDEAQIAAWLAVNGPVAVAVDASSWMTYTGGVMTSCVSEQLDHGVLLVGYNDSAAVPYWIIKNSWTTQWGEEGYIRIAKGSNQCLVKEEASSAVVGGPGPTPEPTTTTTTSAPGPSPSYFVQMSCTDAACIVGCENVTLPTGQCLLTTSGVSAIVTCGAETLTEEVFLTSTHCSGPSVRSSVPLNKCNRLLRGSVEFFCGSSSSGRLADVDRQRRHQPYHSRHRRL,Trypanosoma cruzi,4.38
50,RALOXIFENE,DB00481,CHEMBL81,O=C(c1ccc(OCCN2CCCCC2)cc1)c1c(-c2ccc(O)cc2)sc2cc(O)ccc12,Cruzipain,P25779,MSGWARALLLAAVLVVMACLVPAATASLHAEETLTSQFAEFKQKHGRVYESAAEEAFRLSVFRENLFLARLHAAANPHATFGVTPFSDLTREEFRSRYHNGAAHFAAAQERARVPVKVEVVGAPAAVDWRARGAVTAVKDQGQCGSCWAFSAIGNVECQWFLAGHPLTNLSEQMLVSCDKTDSGCSGGLMNNAFEWIVQENNGAVYTEDSYPYASGEGISPPCTTSGHTVGATITGHVELPQDEAQIAAWLAVNGPVAVAVDASSWMTYTGGVMTSCVSEQLDHGVLLVGYNDSAAVPYWIIKNSWTTQWGEEGYIRIAKGSNQCLVKEEASSAVVGGPGPTPEPTTTTTTSAPGPSPSYFVQMSCTDAACIVGCENVTLPTGQCLLTTSGVSAIVTCGAETLTEEVFLTSTHCSGPSVRSSVPLNKCNRLLRGSVEFFCGSSSSGRLADVDRQRRHQPYHSRHRRL,Trypanosoma cruzi,4.48
51,TRIMETHOPRIM,DB00440,CHEMBL22,COc1cc(Cc2cnc(N)nc2N)cc(OC)c1OC,Dihydrofolate reductase,Q07422,MQKPVCLVVAMTPKRGIGINNGLPWPHLTTDFKHFSRVTKTTPEEASRLNGWLPRKFAKTGDSGLPSPSVGKRFNAVVMGRKTWESMPRKFRPLVDRLNIVVSSSLKEEDIAAEKPQAEGQQRVRVCASLPAALSLLEEEYKDSVDQIFVVGGAGLYEAALSLGVASHLYITRVAREFPCDVFFPAFPGDDILSNKSTAAQAAAPAESVFVPFCPELGREKDNEATYRPIFISKTFSDNGVPYDFVVLEKRRKTDDAATAEPSNAMSSLTSTRETTPVHGLQAPSSAAAIAPVLAWMDEEDRKKREQKELIRAVPHVHFRGHEEFQYLDLIADIINNGRTMDDRTGVGVISKFGCTMRYSLDQAFPLLTTKRVFWKGVLEELLWFIRGDTNANHLSEKGVKIWDKNVTREFLDSRNLPHREVGDIGPGYGFQWRHFGAAYKDMHTDYTGQGVDQLKNVIQMLRTNPTDRRMLMTAWNPAALDEMALPPCHLLCQFYVNDQKELSCIMYQRSCDVGLGVPFNIASYSLLTLMVAHVCNLKPKEFIHFMGNTHVYTNHVEALKEQLRREPRPFPIVNILNKERIKEIDDFTAEDFEVVGYVPHGRIQMEMAV,Toxoplasma gondii,5.46
52,TRIMETHOPRIM,DB00440,CHEMBL22,COc1cc(Cc2cnc(N)nc2N)cc(OC)c1OC,Dihydrofolate reductase,P16184,MNQQKSLTLIVALTTSYGIGRSNSLPWKLKKEISYFKRVTSFVPTFDSFESMNVVLMGRKTWESIPLQFRPLKGRINVVITRNESLDLGNGIHSAKSLDHALELLYRTYGSESSVQINRIFVIGGAQLYKAAMDHPKLDRIMATIIYKDIHCDVFFPLKFRDKEWSSVWKKEKHSDLESWVGTKVPHGKINEDGFDYEFEMWTRDL,Pneumocystis carinii,4.95
53,TRIMETHOPRIM,DB00440,CHEMBL22,COc1cc(Cc2cnc(N)nc2N)cc(OC)c1OC,Dihydrofolate reductase,Q27713,MEDLSETFDIYAICACCKVLNDDEKVRCFNNKTFKGIGNAGVLPWKCNLIDMKYFSSVTSYINENNYIRLKWKRDKYMEKHNLKNNVELNTNIISSTNNLQNIVVMGKKSWESIPKKFKPLQNRINIILSRTLKKEDIVNENNNENNNVIIIKSVDDLFPILKCTKYYKCFIIGGSSVYKEFLDRNLIKKIYFTRINNSYNCDVLFPEINENLFKITSISDVYYSNNTTLDFIIYSKTKEINPNEEVPNNTFLGVCDEQNKAFDDEDDYTYFSFNKNKENIKKNSEHAHNFKIYNSIKYKNHPEYQYLNIIYDIIMHGNKQDDRTGVGVLSKFGYMMKFNLNEYFPLLTTKKLFIRGIIEELLWFIRGETNGNTLLEKNVRIWEANGTREFLDNRKLFHREVNDLGPIYGFQWRHFGAEYTDMHDNYKDKGVDQLKNIINLIKNDPTCRRIILCAWNVKNLDQMALPPCHILCQFYVFDGKLSCIMYQRSCDLGLGVPFNIASYSIFTYMIAQVCNLQAAEFIHVLGNAHVYNNHIESLKIQLNRTPYPFPTLKLNPDIKNIEDFTISDFTVQNYVHHDKINMDMAA,Plasmodium berghei str. ANKA,6.92
54,TRIMETHOPRIM,DB00440,CHEMBL22,COc1cc(Cc2cnc(N)nc2N)cc(OC)c1OC,Dihydrofolate reductase,P07382,MSRAAARFKIPMPETKADFAFPSLRAFSIVVALDMQHGIGDGESIPWRVPEDMTFFKNQTTLLRNKKPPTEKKRNAVVMGRKTWESVPVKFRPLKGRLNIVLSSKATVEELLAPLPEGQRAAAAQDVVVVNGGLAEALRLLARPLYCSSIETAYCVGGAQVYADAMLSPCIEKLQEVYLTRIYATAPACTRFFPFPPENAATAWDLASSQGRRKSEAEGLEFEICKYVPRNHEERQYLELIDRIMKTGIVKEDRTGVGTISLFGAQMRFSLRDNRLPLLTTKRVFWRGVCEELLWFLRGETSAQLLADKDIHIWDGNGSREFLDSRGLTENKEMDLGPVYGFQWRHFGADYKGFEANYDGEGVDQIKLIVETIKTNPNDRRLLVTAWNPCALQKMALPPCHLLAQFYVNTDTSELSCMLYQRSCDMGLGVPFNIASYALLTILIAKATGLRPGELVHTLGDAHVYRNHVDALKAQLERVPHAFPTLIFKEERQYLEDYELTDMEVIDYVPHPAIKMEMAV,Leishmania major,4.69
55,TRIMETHOPRIM,DB00440,CHEMBL22,COc1cc(Cc2cnc(N)nc2N)cc(OC)c1OC,Bifunctional dihydrofolate reductase-thymidylate synthase,Q27552,MSEKNVSIVVAASVLSSGIGINGQLPWSISEDLKFFSKITNNKCDSNKKNALIMGRKTWDSIGRRPLKNRIIVVISSSLPQDEADPNVVVFRNLEDSIENLMNDDSIENIFVCGGESIYRDALKDNFVDRIYLTRVALEDIEFDTYFPEIPETFLPVYMSQTFCTKNISYDFMIFEKQEKKTLQNCDPARGQLKSIDDTVDLLGEIFGIRKMGNRHKFPKEEIYNTPSIRFGREHYEFQYLDLLSRVLENGAYRENRTGISTYSIFGQMMRFDMRESFPLLTTKKVAIRSIFEELIWFIKGDTNGNHLIEKKVYIWSGNGSKEYLERIGLGHREENDLGPIYGFQWRHYNGEYKTMHDDYTGVGVDQLAKLIETLKNNPKDRRHILTAWNPSALSQMALPPCHVLSQYYVTNDNCLSCNLYQRSCDLGLGSPFNIASYAILTMMLAQVCGYEPGELAIFIGDAHIYENHLTQLKEQLSRTPRPFPQLKFKRKVENIEDFKWEDIELIGYYPYPTIKMDMAV,Cryptosporidium parvum,5.4
56,TRIMETHOPRIM,DB00440,CHEMBL22,COc1cc(Cc2cnc(N)nc2N)cc(OC)c1OC,Dihydrofolate reductase,P13922,MMEQVCDVFDIYAICACCKVESKNEGKKNEVFNNYTFRGLGNKGVLPWKCNSLDMKYFRAVTTYVNESKYEKLKYKRCKYLNKETVDNVNDMPNSKKLQNVVVMGRTNWESIPKKFKPLSNRINVILSRTLKKEDFDEDVYIINKVEDLIVLLGKLNYYKCFIIGGSVVYQEFLEKKLIKKIYFTRINSTYECDVFFPEINENEYQIISVSDVYTSNNTTLDFIIYKKTNNKMLNEQNCIKGEEKNNDMPLKNDDKDTCHMKKLTEFYKNVDKYKINYENDDDDEEEDDFVYFNFNKEKEEKNKNSIHPNDFQIYNSLKYKYHPEYQYLNIIYDIMMNGNKQSDRTGVGVLSKFGYIMKFDLSQYFPLLTTKKLFLRGIIEELLWFIRGETNGNTLLNKNVRIWEANGTREFLDNRKLFHREVNDLGPIYGFQWRHFGAEYTNMYDNYENKGVDQLKNIINLIKNDPTSRRILLCAWNVKDLDQMALPPCHILCQFYVFDGKLSCIMYQRSCDLGLGVPFNIASYSIFTHMIAQVCNLQPAQFIHVLGNAHVYNNHIDSLKIQLNRIPYPFPTLKLNPDIKNIEDFTISDFTIQNYVHHEKISMDMAA,Plasmodium falciparum K1,8.0
57,CLOMIPRAMINE,DB01242,CHEMBL415,CN(C)CCCN1c2ccccc2CCc2ccc(Cl)cc21,Trypanothione reductase,P39051,MSKIFDLVVIGAGSGGLEAGWNAATLYKKRVAVIDVQTHHGPPHYAALGGTCVNVGCVPKKLMVTGAQYMDHLRESAGFGWEFDGSSVKANWKKLIAAKNEAVLDINKSYEGMFNDTEGLDFFLGWGSLESKNVVVVRETADPKSAVKERLQADHILLATGSWPQMPAIPGVEHCISSNEAFYLPEPPRRVLTVGGGFISVEFAGIFNAYKPPGGKVTLCYRNNLILRGFDETIREEVTKQLTANGIEIMTNENPAKVSLNTDGSKHVTFESGKTLDVDVVMMAIGRIPRTNDLQLGNVGVKLTPKGGVQVDEFSRTNVPNIYAIGDITDRLMLTPVAINEGAALVDTVFGNKPRKTDHTRVASAVFSIPPIGTCGLIEEVAAKEFEKVAVYMSSFTPLMHNISGSKYKKFVAKIVTNHSDGTVLGVHLLGDGAPEIIQAVGVCLRLNAKISDFYNTIGVHPTSAEELCSMRTPSYYYLKGEKMETLPESSL,Trypanosoma brucei brucei,5.47
58,CLOMIPRAMINE,DB01242,CHEMBL415,CN(C)CCCN1c2ccccc2CCc2ccc(Cl)cc21,Trypanothione reductase,P28593,MMSKIFDLVVIGAGSGGLEAAWNAATLYKKRVAVIDVQMVHGPPFFSALGGTCVNVGCVPKKLMVTGAQYMEHLRESAGFGWEFDRTTLRAEWKKLIAVKDEAVLNINKSYEEMFRDTEGLEFFLGWGSLESKNVVNVRESADPASAVKERLETENILLASGSWPHMPNIPGIEHCISSNEAFYLPEPPRRVLTVGGGFISVEFAGIFNAYKPKDGQVTLCYRGEMILRGFDHTLREELTKQLTANGIQILTKENPAKVELNADGSKSVTFESGKKMDFDLVMMAIGRSPRTKDLQLQNAGVMIKNGGVQVDEYSRTNVSNIYAIGDVTNRVMLTPVAINEAAALVDTVFGTNPRKTDHTRVASAVFSIPPIGTCGLIEEVASKRYEVVAVYLSSFTPLMHNISGSKYKTFVAKIITNHSDGTVLGVHLLGDNAPEIIQGVGICLKLNAKISDFYNTIGVHPTSAEELCSMRTPSYYYVKGEKMEKPSEASL,Trypanosoma cruzi,5.05
59,SULFAMETHOXAZOLE,DB01015,CHEMBL443,Cc1cc(NS(=O)(=O)c2ccc(N)cc2)no1,Dihydrofolate reductase,P16184,MNQQKSLTLIVALTTSYGIGRSNSLPWKLKKEISYFKRVTSFVPTFDSFESMNVVLMGRKTWESIPLQFRPLKGRINVVITRNESLDLGNGIHSAKSLDHALELLYRTYGSESSVQINRIFVIGGAQLYKAAMDHPKLDRIMATIIYKDIHCDVFFPLKFRDKEWSSVWKKEKHSDLESWVGTKVPHGKINEDGFDYEFEMWTRDL,Pneumocystis carinii,7.0
60,FLUPHENAZINE,DB00623,CHEMBL726,OCCN1CCN(CCCN2c3ccccc3Sc3ccc(C(F)(F)F)cc32)CC1,Trypanothione reductase,P28593,MMSKIFDLVVIGAGSGGLEAAWNAATLYKKRVAVIDVQMVHGPPFFSALGGTCVNVGCVPKKLMVTGAQYMEHLRESAGFGWEFDRTTLRAEWKKLIAVKDEAVLNINKSYEEMFRDTEGLEFFLGWGSLESKNVVNVRESADPASAVKERLETENILLASGSWPHMPNIPGIEHCISSNEAFYLPEPPRRVLTVGGGFISVEFAGIFNAYKPKDGQVTLCYRGEMILRGFDHTLREELTKQLTANGIQILTKENPAKVELNADGSKSVTFESGKKMDFDLVMMAIGRSPRTKDLQLQNAGVMIKNGGVQVDEYSRTNVSNIYAIGDVTNRVMLTPVAINEAAALVDTVFGTNPRKTDHTRVASAVFSIPPIGTCGLIEEVASKRYEVVAVYLSSFTPLMHNISGSKYKTFVAKIITNHSDGTVLGVHLLGDNAPEIIQGVGICLKLNAKISDFYNTIGVHPTSAEELCSMRTPSYYYVKGEKMEKPSEASL,Trypanosoma cruzi,4.13
61,MENADIONE,DB00170,CHEMBL590,CC1=CC(=O)c2ccccc2C1=O,Trypanothione reductase,P28593,MMSKIFDLVVIGAGSGGLEAAWNAATLYKKRVAVIDVQMVHGPPFFSALGGTCVNVGCVPKKLMVTGAQYMEHLRESAGFGWEFDRTTLRAEWKKLIAVKDEAVLNINKSYEEMFRDTEGLEFFLGWGSLESKNVVNVRESADPASAVKERLETENILLASGSWPHMPNIPGIEHCISSNEAFYLPEPPRRVLTVGGGFISVEFAGIFNAYKPKDGQVTLCYRGEMILRGFDHTLREELTKQLTANGIQILTKENPAKVELNADGSKSVTFESGKKMDFDLVMMAIGRSPRTKDLQLQNAGVMIKNGGVQVDEYSRTNVSNIYAIGDVTNRVMLTPVAINEAAALVDTVFGTNPRKTDHTRVASAVFSIPPIGTCGLIEEVASKRYEVVAVYLSSFTPLMHNISGSKYKTFVAKIITNHSDGTVLGVHLLGDNAPEIIQGVGICLKLNAKISDFYNTIGVHPTSAEELCSMRTPSYYYVKGEKMEKPSEASL,Trypanosoma cruzi,4.26
62,FENOFIBRATE,DB01039,CHEMBL672,CC(C)OC(=O)C(C)(C)Oc1ccc(C(=O)c2ccc(Cl)cc2)cc1,Cruzipain,P25779,MSGWARALLLAAVLVVMACLVPAATASLHAEETLTSQFAEFKQKHGRVYESAAEEAFRLSVFRENLFLARLHAAANPHATFGVTPFSDLTREEFRSRYHNGAAHFAAAQERARVPVKVEVVGAPAAVDWRARGAVTAVKDQGQCGSCWAFSAIGNVECQWFLAGHPLTNLSEQMLVSCDKTDSGCSGGLMNNAFEWIVQENNGAVYTEDSYPYASGEGISPPCTTSGHTVGATITGHVELPQDEAQIAAWLAVNGPVAVAVDASSWMTYTGGVMTSCVSEQLDHGVLLVGYNDSAAVPYWIIKNSWTTQWGEEGYIRIAKGSNQCLVKEEASSAVVGGPGPTPEPTTTTTTSAPGPSPSYFVQMSCTDAACIVGCENVTLPTGQCLLTTSGVSAIVTCGAETLTEEVFLTSTHCSGPSVRSSVPLNKCNRLLRGSVEFFCGSSSSGRLADVDRQRRHQPYHSRHRRL,Trypanosoma cruzi,4.21
63,VINBLASTINE,DB00570,CHEMBL159,CC[C@]1(O)C[C@@H]2CN(CCc3c([nH]c4ccccc34)[C@@](C(=O)OC)(c3cc4c(cc3OC)N(C)[C@H]3[C@@](O)(C(=O)OC)[C@H](OC(C)=O)[C@]5(CC)C=CCN6CC[C@]43[C@@H]65)C2)C1,Beta tubulin,Q25270,MREIVSCQAGQCGNQIGSKFWEVIADEHGVDPTGSYQGDSDLQ,Leishmania donovani,6.0
64,PRANLUKAST,DB01411,CHEMBL21333,O=C(Nc1cccc2c(=O)cc(-c3nnn[nH]3)oc12)c1ccc(OCCCCc2ccccc2)cc1,Cruzipain,P25779,MSGWARALLLAAVLVVMACLVPAATASLHAEETLTSQFAEFKQKHGRVYESAAEEAFRLSVFRENLFLARLHAAANPHATFGVTPFSDLTREEFRSRYHNGAAHFAAAQERARVPVKVEVVGAPAAVDWRARGAVTAVKDQGQCGSCWAFSAIGNVECQWFLAGHPLTNLSEQMLVSCDKTDSGCSGGLMNNAFEWIVQENNGAVYTEDSYPYASGEGISPPCTTSGHTVGATITGHVELPQDEAQIAAWLAVNGPVAVAVDASSWMTYTGGVMTSCVSEQLDHGVLLVGYNDSAAVPYWIIKNSWTTQWGEEGYIRIAKGSNQCLVKEEASSAVVGGPGPTPEPTTTTTTSAPGPSPSYFVQMSCTDAACIVGCENVTLPTGQCLLTTSGVSAIVTCGAETLTEEVFLTSTHCSGPSVRSSVPLNKCNRLLRGSVEFFCGSSSSGRLADVDRQRRHQPYHSRHRRL,Trypanosoma cruzi,4.66
65,ETRAVIRINE,DB06414,CHEMBL308954,Cc1cc(C#N)cc(C)c1Oc1nc(Nc2ccc(C#N)cc2)nc(N)c1Br,Cruzipain,P25779,MSGWARALLLAAVLVVMACLVPAATASLHAEETLTSQFAEFKQKHGRVYESAAEEAFRLSVFRENLFLARLHAAANPHATFGVTPFSDLTREEFRSRYHNGAAHFAAAQERARVPVKVEVVGAPAAVDWRARGAVTAVKDQGQCGSCWAFSAIGNVECQWFLAGHPLTNLSEQMLVSCDKTDSGCSGGLMNNAFEWIVQENNGAVYTEDSYPYASGEGISPPCTTSGHTVGATITGHVELPQDEAQIAAWLAVNGPVAVAVDASSWMTYTGGVMTSCVSEQLDHGVLLVGYNDSAAVPYWIIKNSWTTQWGEEGYIRIAKGSNQCLVKEEASSAVVGGPGPTPEPTTTTTTSAPGPSPSYFVQMSCTDAACIVGCENVTLPTGQCLLTTSGVSAIVTCGAETLTEEVFLTSTHCSGPSVRSSVPLNKCNRLLRGSVEFFCGSSSSGRLADVDRQRRHQPYHSRHRRL,Trypanosoma cruzi,5.4
66,SAQUINAVIR,DB01232,CHEMBL114,CC(C)(C)NC(=O)[C@@H]1C[C@@H]2CCCC[C@@H]2CN1C[C@@H](O)[C@H](Cc1ccccc1)NC(=O)[C@H](CC(N)=O)NC(=O)c1ccc2ccccc2n1,Chloroquine resistance transporter,Q9N623,MKFASKKNNQKNSSKNDERYRELDNLVQEGNGSRLGGGSCLGKCAHVFKLIFKEIKDNIFIYILSIIYLSVCVMNKIFAKRTLNKIGNYSFVTSETHNFICMIMFFIVYSLFGNKKGNSKERHRSFNLQFFAISMLDACSVILAFIGLTRTTGNIQSFVLQLSIPINMFFCFLILRYRYHLYNYLGAVIIVVTIALVEMKLSFETQEENSIIFNLVLISALIPVCFSNMTREIVFKKYKIDILRLNAMVSFFQLFTSCLILPVYTLPFLKQLHLPYNEIWTNIKNGFACLFLGRNTVVENCGLGMAKLCDDCDGAWKTFALFSFFNICDNLITSYIIDKFSTMTYTIVSCIQGPAIAIAYYFKFLAGDVVREPRLLDFVTLFGYLFGSIIYRVGNIILERKKMRNEENEDSEGELTNVDSIITQ,Plasmodium falciparum,4.89
67,POSACONAZOLE,DB01263,CHEMBL1397,CC[C@@H]([C@H](C)O)n1ncn(-c2ccc(N3CCN(c4ccc(OC[C@@H]5CO[C@@](Cn6cncn6)(c6ccc(F)cc6F)C5)cc4)CC3)cc2)c1=O,Sterol 14-alpha demethylase,Q7Z1V1,MFIEAIVLALTALILYSVYSVKSFNTTRPTDPPVYPVTVPFLGHIVQFGKNPLEFMQRCKRDLKSGVFTISIGGQRVTIVGDPHEHSRFFSPRNEILSPREVYTIMTPVFGEGVAYAAPYPRMREQLNFLAEELTIAKFQNFVPAIQHEVRKFMAENWKEDEGVINLLEDCGAMIINTACQCLFGEDLRKRLNARHFAQLLSKMESSLIPAAVFMPWLLRLPLPQSARCREARAELQKILGEIIVAREKEEASKDNNTSDLLGGLLKAVYRDGTRMSLHEVCGMIVAAMFAGQHTSTITTSWSMLHLMHPKNKKWLDKLHKEIDEFPAQLNYDNVMDEMPFAERCVRESIRRDPPLLMVMRMVKAEVKVGSYVVPKGDIIACSPLLSHHDEEAFPNPRLWDPERDEKVDGAFIGFGAGVHKCIGQKFALLQVKTILATAFREYDFQLLRDEVPDPDYHTMVVGPTLNQCLVKYTRKKKLPS,Trypanosoma cruzi (strain CL Brener),6.69
68,PROMETHAZINE,DB01069,CHEMBL643,CC(CN1c2ccccc2Sc2ccccc21)N(C)C,Chloroquine resistance transporter,Q9N623,MKFASKKNNQKNSSKNDERYRELDNLVQEGNGSRLGGGSCLGKCAHVFKLIFKEIKDNIFIYILSIIYLSVCVMNKIFAKRTLNKIGNYSFVTSETHNFICMIMFFIVYSLFGNKKGNSKERHRSFNLQFFAISMLDACSVILAFIGLTRTTGNIQSFVLQLSIPINMFFCFLILRYRYHLYNYLGAVIIVVTIALVEMKLSFETQEENSIIFNLVLISALIPVCFSNMTREIVFKKYKIDILRLNAMVSFFQLFTSCLILPVYTLPFLKQLHLPYNEIWTNIKNGFACLFLGRNTVVENCGLGMAKLCDDCDGAWKTFALFSFFNICDNLITSYIIDKFSTMTYTIVSCIQGPAIAIAYYFKFLAGDVVREPRLLDFVTLFGYLFGSIIYRVGNIILERKKMRNEENEDSEGELTNVDSIITQ,Plasmodium falciparum,4.07
69,ITRACONAZOLE,DB01167,CHEMBL64391,CCC(C)n1ncn(-c2ccc(N3CCN(c4ccc(OCC5COC(Cn6cncn6)(c6ccc(Cl)cc6Cl)O5)cc4)CC3)cc2)c1=O,Cruzipain,P25779,MSGWARALLLAAVLVVMACLVPAATASLHAEETLTSQFAEFKQKHGRVYESAAEEAFRLSVFRENLFLARLHAAANPHATFGVTPFSDLTREEFRSRYHNGAAHFAAAQERARVPVKVEVVGAPAAVDWRARGAVTAVKDQGQCGSCWAFSAIGNVECQWFLAGHPLTNLSEQMLVSCDKTDSGCSGGLMNNAFEWIVQENNGAVYTEDSYPYASGEGISPPCTTSGHTVGATITGHVELPQDEAQIAAWLAVNGPVAVAVDASSWMTYTGGVMTSCVSEQLDHGVLLVGYNDSAAVPYWIIKNSWTTQWGEEGYIRIAKGSNQCLVKEEASSAVVGGPGPTPEPTTTTTTSAPGPSPSYFVQMSCTDAACIVGCENVTLPTGQCLLTTSGVSAIVTCGAETLTEEVFLTSTHCSGPSVRSSVPLNKCNRLLRGSVEFFCGSSSSGRLADVDRQRRHQPYHSRHRRL,Trypanosoma cruzi,5.52
70,DAPSONE,DB00250,CHEMBL1043,Nc1ccc(S(=O)(=O)c2ccc(N)cc2)cc1,Dihydrofolate reductase,P16184,MNQQKSLTLIVALTTSYGIGRSNSLPWKLKKEISYFKRVTSFVPTFDSFESMNVVLMGRKTWESIPLQFRPLKGRINVVITRNESLDLGNGIHSAKSLDHALELLYRTYGSESSVQINRIFVIGGAQLYKAAMDHPKLDRIMATIIYKDIHCDVFFPLKFRDKEWSSVWKKEKHSDLESWVGTKVPHGKINEDGFDYEFEMWTRDL,Pneumocystis carinii,5.82
71,SURAMIN,DB04786,CHEMBL265502,Cc1ccc(cc1NC(=O)c1cccc(NC(=O)Nc2cccc(c2)C(=O)Nc2cc(ccc2C)C(=O)Nc2ccc(c3cc(cc(c23)S(O)(=O)=O)S(O)(=O)=O)S(O)(=O)=O)c1)C(=O)Nc1ccc(c2cc(cc(c12)S(O)(=O)=O)S(O)(=O)=O)S(O)(=O)=O,ATP-dependent 6-phosphofructokinase,O15648,MAVESRSRVTSKLVKAHRAMLNSVTQEDLKVDRLPGADYPNPSKKYSSRTEFRDKTDYIMYNPRPRDEPSSENPVSVSPLLCELAAARSRIHFNPTETTIGIVTCGGICPGLNDVIRSITLTGINVYNVKRVIGFRFGYWGLSKKGSQTAIELHRGRVTNIHHYGGTILGSSRGPQDPKEMVDTLERLGVNILFTVGGDGTQRGALVISQEAKRRGVDISVFGVPKTIDNDLSFSHRTFGFQTAVEKAVQAIRAAYAEAVSANYGVGVVKLMGRDSGFIAAQAAVASAQANICLVPENPISEQEVMSLLERRFCHSRSCVIIVAEGFGQDWGRGSGGYDASGNKKLIDIGVILTEKVKAFLKANKSRYPDSTVKYIDPSYMIRACPPSANDALFCATLATLAVHEAMAGATGCIIAMRHNNYILVPIKVATSVRRVLDLRGQLWRQVREITVDLGSDVRLARKLEIRRELEAINRNRDRLHEELAKL,Trypanosoma brucei,5.52
